UpdateTime,"generateImg.py, 上次更新時間,From：2022-11-28 13:24:45.279638"
UpdateTime,"generateImg.py, 上次更新時間,From：2022-11-30 10:27:02.930918"
UpdateTime,"generateImg.py, 上次更新時間,From：2022-11-30 10:27:56.451858"
UpdateTime,"generateImg.py, 上次更新時間,From：2022-11-30 11:52:53.289702"
UpdateTime,"generateImg.py, 上次更新時間,From：2022-11-30 14:53:47.297979"
UpdateTime,"generateImg.py, 上次更新時間,From：2022-11-30 14:55:12.709880"
UpdateTime,"generateImg.py, 上次更新時間,From：2022-11-30 15:47:04.147141"
UpdateTime,"generateImg.py, 上次更新時間,To：2022-11-30 16:27:52.700848"
UpdateTime,"generateImg.py, 上次更新時間,From：2022-11-30 16:33:28.681599"
UpdateTime,"generateImg.py, 上次更新時間,To：2022-11-30 17:00:59.411500"
UpdateTime,"Implement_cottdenseCBAM_v.2.py, 上次更新時間,From：2022-11-30 17:08:39.817398"
UpdateTime,"Implement_cottdenseCBAM_v.2.py, 上次更新時間,From：2022-11-30 17:09:57.349431"
UpdateTime,"Implement_cottdenseCBAM_v.2.py, 上次更新時間,From：2022-11-30 17:11:24.801121"
UpdateTime,"Implement_cottdenseCBAM_v.2.py, 上次更新時間,From：2022-11-30 17:12:31.862548"
UpdateTime,"Implement_cottdenseCBAM_v.2.py, 上次更新時間,From：2022-11-30 17:32:10.726746"
UpdateTime,"Implement_cottdenseCBAM_v.2.py, 上次更新時間,From：2022-11-30 17:49:09.499464"
UpdateTime,"Implement_cottdenseCBAM_v.2.py, 上次更新時間,To: 2022-11-30 17:50:55.088516"
UpdateTime,"generateImg.py, 上次更新時間,From：2022-11-30 17:58:31.049785"
UpdateTime,"generateImg.py, 上次更新時間,To：2022-11-30 18:39:29.767774"
UpdateTime,"Implement_cottdenseCBAM_v.2.py, 上次更新時間,From：2022-11-30 18:45:59.001906"
UpdateTime,"Implement_cottdenseCBAM_v.2.py, 上次更新時間,To: 2022-11-30 18:47:43.666680"
UpdateTime,"generateImg.py, 上次更新時間,From：2022-12-01 09:50:04.426429"
UpdateTime,"generateImg.py, 上次更新時間,To：2022-12-01 10:27:54.385210"
UpdateTime,"Implement_cottdenseCBAM_v.2.py, 上次更新時間,From：2022-12-01 10:31:20.599398"
UpdateTime,"Implement_cottdenseCBAM_v.2.py, 上次更新時間,To: 2022-12-01 10:32:51.127041"
UpdateTime,"generateImg.py, 上次更新時間,From：2022-12-01 13:44:36.006624"
UpdateTime,"generateImg.py, 上次更新時間,From：2022-12-01 14:14:59.943762"
UpdateTime,"generateImg.py, 上次更新時間,To：2022-12-01 14:39:57.665616"
UpdateTime,"Implement_cottdenseCBAM_v.2.py, 上次更新時間,From：2022-12-01 14:47:53.541027"
UpdateTime,"Implement_cottdenseCBAM_v.2.py, 上次更新時間,To: 2022-12-01 14:49:23.736585"
UpdateTime,"generateImg.py, 上次更新時間,From：2022-12-01 14:50:14.280970"
UpdateTime,"generateImg.py, 上次更新時間,To：2022-12-01 15:17:48.430751"
UpdateTime,"Implement_cottdenseCBAM_v.2.py, 上次更新時間,From：2022-12-01 15:46:33.505276"
UpdateTime,"Implement_cottdenseCBAM_v.2.py, 上次更新時間,To: 2022-12-01 15:48:36.937619"
UpdateTime,"generateImg.py, 上次更新時間,From：2022-12-02 09:50:04.696456"
UpdateTime,"generateImg.py, 上次更新時間,To：2022-12-02 10:33:50.530113"
UpdateTime,"Implement_cottdenseCBAM_v.2.py, 上次更新時間,From：2022-12-02 10:37:42.036159"
UpdateTime,"Implement_cottdenseCBAM_v.2.py, 上次更新時間,To: 2022-12-02 10:39:27.334396"
UpdateTime,"generateImg.py, 上次更新時間,From：2022-12-03 09:50:04.464424"
UpdateTime,"generateImg.py, 上次更新時間,To：2022-12-03 10:29:09.645937"
UpdateTime,"Implement_cottdenseCBAM_v.2.py, 上次更新時間,From：2022-12-03 10:36:08.815628"
UpdateTime,"Implement_cottdenseCBAM_v.2.py, 上次更新時間,To: 2022-12-03 10:38:14.933866"
UpdateTime,"generateImg.py, 上次更新時間,From：2022-12-04 09:50:04.580230"
UpdateTime,"generateImg.py, 上次更新時間,To：2022-12-04 10:18:49.596202"
UpdateTime,"Implement_cottdenseCBAM_v.2.py, 上次更新時間,From：2022-12-04 10:22:16.220636"
UpdateTime,"Implement_cottdenseCBAM_v.2.py, 上次更新時間,To: 2022-12-04 10:23:29.995800"
UpdateTime,"generateImg.py, 上次更新時間,From：2022-12-05 09:50:04.772331"
UpdateTime,"generateImg.py, 上次更新時間,To：2022-12-05 10:18:53.946832"
UpdateTime,"Implement_cottdenseCBAM_v.2.py, 上次更新時間,From：2022-12-05 10:24:05.625326"
UpdateTime,"Implement_cottdenseCBAM_v.2.py, 上次更新時間,To: 2022-12-05 10:25:38.135641"
